system,human_bin,n,human,model
wavlm_large_nested,0-30%,304,0.1694078947,0.6052631579
wavlm_large_nested,40-60%,363,0.5090909091,0.8181818182
wavlm_large_nested,70-90%,590,0.8111864407,0.9152542373
wavlm_large_nested,100%,183,1,0.9453551913
xlsr_300m_nested,0-30%,304,0.1694078947,0.5986842105
xlsr_300m_nested,40-60%,363,0.5090909091,0.8071625344
xlsr_300m_nested,70-90%,590,0.8111864407,0.9338983051
xlsr_300m_nested,100%,183,1,0.9726775956
hubert_large_nested,0-30%,304,0.1694078947,0.5723684211
hubert_large_nested,40-60%,363,0.5090909091,0.7630853994
hubert_large_nested,70-90%,590,0.8111864407,0.8796610169
hubert_large_nested,100%,183,1,0.9617486339
whisper_large_v3_nested,0-30%,304,0.1694078947,0.5789473684
whisper_large_v3_nested,40-60%,363,0.5090909091,0.7961432507
whisper_large_v3_nested,70-90%,590,0.8111864407,0.9288135593
whisper_large_v3_nested,100%,183,1,0.9781420765
compare_lr,0-30%,304,0.1694078947,0.4506578947
compare_lr,40-60%,363,0.5090909091,0.5785123967
compare_lr,70-90%,590,0.8111864407,0.7610169492
compare_lr,100%,183,1,0.8469945355
egemaps_lr,0-30%,304,0.1694078947,0.2927631579
egemaps_lr,40-60%,363,0.5090909091,0.479338843
egemaps_lr,70-90%,590,0.8111864407,0.6508474576
egemaps_lr,100%,183,1,0.8196721311
handcrafted_lr,0-30%,304,0.1694078947,0.3092105263
handcrafted_lr,40-60%,363,0.5090909091,0.4848484848
handcrafted_lr,70-90%,590,0.8111864407,0.6677966102
handcrafted_lr,100%,183,1,0.7923497268
