system,emotion,human,model
wavlm_large_nested,neutral/calm,0.8170138889,0.875
wavlm_large_nested,happy,0.365625,0.7916666667
wavlm_large_nested,sad,0.4791666667,0.6666666667
wavlm_large_nested,angry,0.7463541667,0.9010416667
wavlm_large_nested,fearful,0.6619791667,0.8177083333
wavlm_large_nested,disgust,0.51875,0.8802083333
wavlm_large_nested,surprised,0.6791666667,0.8489583333
xlsr_300m_nested,neutral/calm,0.8170138889,0.9166666667
xlsr_300m_nested,happy,0.365625,0.7395833333
xlsr_300m_nested,sad,0.4791666667,0.7239583333
xlsr_300m_nested,angry,0.7463541667,0.890625
xlsr_300m_nested,fearful,0.6619791667,0.8177083333
xlsr_300m_nested,disgust,0.51875,0.8645833333
xlsr_300m_nested,surprised,0.6791666667,0.859375
hubert_large_nested,neutral/calm,0.8170138889,0.9027777778
hubert_large_nested,happy,0.365625,0.71875
hubert_large_nested,sad,0.4791666667,0.6302083333
hubert_large_nested,angry,0.7463541667,0.8333333333
hubert_large_nested,fearful,0.6619791667,0.75
hubert_large_nested,disgust,0.51875,0.8645833333
hubert_large_nested,surprised,0.6791666667,0.8177083333
whisper_large_v3_nested,neutral/calm,0.8170138889,0.9097222222
whisper_large_v3_nested,happy,0.365625,0.78125
whisper_large_v3_nested,sad,0.4791666667,0.6510416667
whisper_large_v3_nested,angry,0.7463541667,0.8854166667
whisper_large_v3_nested,fearful,0.6619791667,0.765625
whisper_large_v3_nested,disgust,0.51875,0.8645833333
whisper_large_v3_nested,surprised,0.6791666667,0.8958333333
compare_lr,neutral/calm,0.8170138889,0.8506944444
compare_lr,happy,0.365625,0.5833333333
compare_lr,sad,0.4791666667,0.3697916667
compare_lr,angry,0.7463541667,0.7708333333
compare_lr,fearful,0.6619791667,0.5625
compare_lr,disgust,0.51875,0.6979166667
compare_lr,surprised,0.6791666667,0.6927083333
egemaps_lr,neutral/calm,0.8170138889,0.8506944444
egemaps_lr,happy,0.365625,0.40625
egemaps_lr,sad,0.4791666667,0.3072916667
egemaps_lr,angry,0.7463541667,0.609375
egemaps_lr,fearful,0.6619791667,0.40625
egemaps_lr,disgust,0.51875,0.5052083333
egemaps_lr,surprised,0.6791666667,0.640625
handcrafted_lr,neutral/calm,0.8170138889,0.875
handcrafted_lr,happy,0.365625,0.4739583333
handcrafted_lr,sad,0.4791666667,0.171875
handcrafted_lr,angry,0.7463541667,0.6145833333
handcrafted_lr,fearful,0.6619791667,0.484375
handcrafted_lr,disgust,0.51875,0.5260416667
handcrafted_lr,surprised,0.6791666667,0.6302083333
