system,folds,layers,C,at_low_edge,at_high_edge
wavlm_large_nested,24,"[[9, 1], [10, 13], [11, 10]]","[[0.01, 20], [0.1, 4]]",0,0
wavlm_large_last,24,"[[24, 24]]","[[0.01, 15], [0.1, 9]]",0,0
wavlm_large_avg,24,,"[[0.01, 13], [0.1, 11]]",0,0
xlsr_300m_nested,24,"[[8, 3], [9, 2], [10, 12], [11, 6], [15, 1]]","[[0.01, 20], [0.1, 3], [10.0, 1]]",0,0
xlsr_300m_last,24,"[[24, 24]]","[[0.01, 21], [0.1, 2], [1.0, 1]]",0,0
xlsr_300m_avg,24,,"[[0.01, 23], [0.1, 1]]",0,0
hubert_large_nested,24,"[[11, 7], [13, 6], [14, 10], [15, 1]]","[[0.01, 12], [0.1, 10], [1.0, 1], [10.0, 1]]",0,0
hubert_large_last,24,"[[24, 24]]","[[0.01, 5], [0.1, 6], [1.0, 12], [100.0, 1]]",0,1
hubert_large_avg,24,,"[[0.01, 4], [0.1, 15], [1.0, 3], [10.0, 1], [100.0, 1]]",0,1
whisper_large_v3_nested,24,"[[20, 5], [21, 5], [22, 6], [23, 2], [25, 4], [26, 2]]","[[0.001, 3], [0.01, 12], [0.1, 5], [1.0, 3], [10.0, 1]]",0,0
whisper_large_v3_last,24,"[[32, 24]]","[[0.01, 13], [0.1, 7], [1.0, 3], [10.0, 1]]",0,0
whisper_large_v3_avg,24,,"[[0.01, 3], [0.1, 8], [1.0, 11], [10.0, 2]]",0,0
handcrafted_lr,24,,"[[0.01, 22], [0.1, 2]]",0,0
handcrafted_svm,24,,"[[1.0, 21], [10.0, 2], [100.0, 1]]",0,0
handcrafted_rf,24,,"[[null, 24]]",0,0
egemaps_lr,24,,"[[0.01, 16], [0.1, 7], [1.0, 1]]",0,0
egemaps_svm,24,,"[[1.0, 24]]",0,0
egemaps_rf,24,,"[[null, 24]]",0,0
compare_lr,24,,"[[0.001, 15], [0.01, 8], [0.1, 1]]",0,0
compare_svm,24,,"[[1.0, 2], [10.0, 22]]",0,0
compare_rf,24,,"[[null, 24]]",0,0
e2v_base_lr,24,,"[[0.01, 10], [0.1, 11], [1.0, 2], [100.0, 1]]",0,1
e2v_plus_large_lr,24,,"[[0.01, 14], [0.1, 10]]",0,0
wavlm_large_last_emobox,6,,"[[0.01, 3], [0.1, 3]]",0,0
hubert_large_last_emobox,6,,"[[0.01, 3], [0.1, 3]]",0,0
xlsr_300m_last_emobox,6,,"[[0.01, 5], [0.1, 1]]",0,0
whisper_large_v3_last_emobox,6,,"[[0.01, 4], [0.1, 2]]",0,0
wavlm_large_nested_svm,24,"[[9, 1], [10, 13], [11, 10]]","[[10.0, 24]]",0,0
wavlm_large_nested_rf,24,"[[9, 1], [10, 13], [11, 10]]","[[null, 24]]",0,0
wavlm_large_nested_egemaps_fusion,24,"[[9, 1], [10, 13], [11, 10]]","[[0.01, 17], [0.1, 7]]",0,0
wavlm_large_nested_meanstd,24,"[[9, 1], [10, 13], [11, 10]]","[[0.01, 16], [0.1, 5], [1.0, 1], [10.0, 1], [100.0, 1]]",0,1
wavlm_large_random5,5,"[[10, 2], [11, 3]]","[[0.1, 1], [1.0, 1], [10.0, 2], [100.0, 1]]",0,1
wavlm_large_spknorm,24,"[[9, 12], [10, 6], [11, 3], [12, 2], [16, 1]]","[[0.01, 17], [0.1, 4], [1.0, 1], [10.0, 2]]",0,0
xlsr_300m_random5,5,"[[7, 2], [9, 2], [10, 1]]","[[0.1, 1], [1.0, 4]]",0,0
xlsr_300m_spknorm,24,"[[8, 5], [9, 5], [10, 2], [11, 3], [17, 7], [18, 2]]","[[0.01, 17], [0.1, 6], [1.0, 1]]",0,0
hubert_large_random5,5,"[[8, 1], [11, 4]]","[[0.1, 1], [1.0, 1], [10.0, 2], [100.0, 1]]",0,1
hubert_large_spknorm,24,"[[10, 10], [11, 9], [12, 5]]","[[0.01, 11], [0.1, 10], [1.0, 2], [10.0, 1]]",0,0
whisper_large_v3_random5,5,"[[19, 1], [21, 2], [23, 2]]","[[0.1, 3], [1.0, 2]]",0,0
whisper_large_v3_spknorm,24,"[[16, 1], [17, 1], [19, 6], [21, 1], [22, 1], [23, 12], [24, 2]]","[[0.01, 19], [0.1, 4], [1.0, 1]]",0,0
handcrafted_random5,5,,"[[0.1, 5]]",0,0
handcrafted_spknorm,24,,"[[0.01, 16], [0.1, 8]]",0,0
egemaps_random5,5,,"[[1.0, 5]]",0,0
egemaps_spknorm,24,,"[[0.01, 5], [0.1, 18], [1.0, 1]]",0,0
compare_random5,5,,"[[0.01, 2], [0.1, 1], [1.0, 2]]",0,0
compare_spknorm,24,,"[[0.001, 13], [0.01, 6], [0.1, 3], [1.0, 1], [100.0, 1]]",0,1
wavlm_large_perm_s0,24,"[[5, 2], [7, 1], [9, 1], [14, 1], [15, 1], [18, 2], [20, 1], [22, 6], [23, 7], [24, 2]]","[[0.0001, 8], [0.001, 14], [0.01, 2]]",8,0
wavlm_large_perm_s1,24,"[[4, 1], [5, 1], [6, 1], [7, 2], [8, 2], [9, 2], [10, 3], [12, 8], [14, 1], [16, 1], [19, 1], [22, 1]]","[[0.0001, 10], [0.001, 2], [0.01, 1], [0.1, 5], [1.0, 2], [10.0, 2], [100.0, 2]]",10,2
wavlm_large_perm_s2,24,"[[0, 15], [1, 1], [10, 1], [17, 1], [18, 1], [19, 4], [20, 1]]","[[0.0001, 1], [0.01, 2], [0.1, 1], [1.0, 15], [10.0, 2], [100.0, 3]]",1,3
