system,uar,acc,f1,actor_sd,ci_lo,ci_hi,outer,inner,not_converged
wavlm_large_random5,0.9166666667,0.9145833333,0.9152355634,0.04955360057,0.8971354167,0.9361979167,random5,random,0
whisper_large_v3_random5,0.9036458333,0.9069444444,0.9044647261,0.05822080891,0.8802083333,0.92578125,random5,random,0
xlsr_300m_random5,0.8938802083,0.89375,0.8918651271,0.05918145778,0.87109375,0.916015625,random5,random,0
hubert_large_random5,0.8912760417,0.8902777778,0.8904100563,0.05998314957,0.8678385417,0.9147135417,random5,random,0
whisper_large_v3_spknorm,0.890625,0.8930555556,0.8900795563,0.0963189688,0.851546224,0.9264485677,loso,group,0
wavlm_large_spknorm,0.873046875,0.8722222222,0.871106564,0.08512305521,0.8391927083,0.9055989583,loso,group,0
xlsr_300m_spknorm,0.8684895833,0.8694444444,0.8663332852,0.09328652039,0.8307291667,0.9036458333,loso,group,0
hubert_large_spknorm,0.8509114583,0.8486111111,0.8464684024,0.09214882279,0.8131510417,0.884765625,loso,group,0
xlsr_300m_nested,0.8190104167,0.8166666667,0.8140062188,0.1039428075,0.7779785156,0.859375,loso,group,0
wavlm_large_nested_egemaps_fusion,0.81640625,0.8173611111,0.8142359197,0.1011829236,0.775390625,0.8541666667,loso,group,0
wavlm_large_nested_meanstd,0.8131510417,0.8125,0.8089748925,0.1142154059,0.7669270833,0.8567708333,loso,group,0
wavlm_large_nested,0.8131510417,0.8125,0.8102894502,0.1042041656,0.7708333333,0.8522135417,loso,group,0
xlsr_300m_avg,0.8118489583,0.8083333333,0.8054922202,0.09626155337,0.7740885417,0.8483072917,loso,group,0
wavlm_large_nested_svm,0.8098958333,0.8125,0.8119085035,0.1094881661,0.7669270833,0.8502766927,loso,group,0
whisper_large_v3_avg,0.8098958333,0.8138888889,0.8093534789,0.1151583071,0.763671875,0.853515625,loso,group,0
whisper_large_v3_nested,0.8020833333,0.8027777778,0.7970745405,0.1100683253,0.7578125,0.8430989583,loso,group,0
wavlm_large_avg,0.7975260417,0.7965277778,0.796045458,0.1094699866,0.7532552083,0.83984375,loso,group,0
whisper_large_v3_last,0.7838541667,0.7847222222,0.779618301,0.1058402692,0.7415364583,0.8229166667,loso,group,0
hubert_large_nested,0.7779947917,0.7763888889,0.7740228579,0.1299935956,0.724609375,0.826171875,loso,group,0
e2v_plus_large_lr,0.775390625,0.775,0.7636381761,0.08666778394,0.7415364583,0.8098958333,loso,group,0
hubert_large_avg,0.7747395833,0.7736111111,0.7719366754,0.123024183,0.7233072917,0.8196614583,loso,group,0
whisper_large_v3_last_emobox,0.7649739583,0.7631944444,0.7585626904,0.09994045088,0.724609375,0.8020833333,emobox6,group,0
wavlm_large_last,0.7604166667,0.7590277778,0.7570424102,0.1129244208,0.71484375,0.8020833333,loso,group,0
xlsr_300m_last,0.759765625,0.7569444444,0.7534943937,0.1009268886,0.7194010417,0.7981770833,loso,group,0
wavlm_large_nested_rf,0.7552083333,0.7527777778,0.7450750801,0.1215266994,0.705078125,0.7994791667,loso,group,0
wavlm_large_last_emobox,0.7526041667,0.7506944444,0.7481980399,0.121788454,0.703125,0.7975260417,emobox6,group,0
xlsr_300m_last_emobox,0.7473958333,0.7444444444,0.7411031054,0.1058402692,0.7037760417,0.7864583333,emobox6,group,0
hubert_large_last,0.7376302083,0.7340277778,0.7329015721,0.1201486538,0.6881510417,0.7825520833,loso,group,0
compare_random5,0.7356770833,0.7354166667,0.7308087551,0.1003048879,0.6953125,0.7740885417,random5,random,0
wavlm_large_ft,0.732421875,0.7236111111,0.7199407587,0.1633126953,0.6646972656,0.7903645833,loso,epoch picked on 2 validation actors,0
compare_spknorm,0.7220052083,0.7208333333,0.7155481019,0.08898430094,0.6868489583,0.755875651,loso,group,0
hubert_large_last_emobox,0.7083333333,0.7041666667,0.702251071,0.1210014916,0.6595052083,0.7552083333,emobox6,group,0
e2v_base_lr,0.6666666667,0.6631944444,0.6621553685,0.1088074041,0.623046875,0.7083333333,loso,group,0
handcrafted_random5,0.6393229167,0.6409722222,0.6310111677,0.09407965893,0.6028483073,0.6764322917,random5,random,0
compare_lr,0.6360677083,0.6340277778,0.6279752529,0.1199275822,0.58984375,0.6842447917,loso,group,0
egemaps_spknorm,0.6217447917,0.6229166667,0.6151360888,0.1225108107,0.57421875,0.6692708333,loso,group,0
egemaps_random5,0.6028645833,0.6048611111,0.5977810025,0.07777321159,0.5735677083,0.6334635417,random5,random,0
handcrafted_spknorm,0.5983072917,0.5993055556,0.5908207994,0.1187713767,0.5520833333,0.6451822917,loso,group,0
compare_svm,0.5950520833,0.6013888889,0.5963696848,0.1424561237,0.5397135417,0.6516927083,loso,group,0
egemaps_lr,0.5305989583,0.5270833333,0.520929399,0.08963798705,0.4954427083,0.564453125,loso,group,0
compare_rf,0.5234375,0.5277777778,0.5082702496,0.1125792293,0.4798177083,0.5677083333,loso,group,0
egemaps_rf,0.5123697917,0.5166666667,0.5081241682,0.09214882279,0.476546224,0.5481770833,loso,group,0
egemaps_svm,0.51171875,0.5256944444,0.514289929,0.09183390644,0.4759114583,0.5475260417,loso,group,0
handcrafted_lr,0.5052083333,0.5076388889,0.4967447262,0.12539566,0.4563802083,0.5553385417,loso,group,0
handcrafted_svm,0.5045572917,0.5173611111,0.5066648525,0.09369101028,0.46875,0.54296875,loso,group,0
handcrafted_rf,0.4811197917,0.4888888889,0.4734503213,0.09892629749,0.4427083333,0.5201822917,loso,group,0
wavlm_large_perm_s0,0.138671875,0.1395833333,0.1313836397,0.04329943161,0.1217447917,0.1555989583,loso,group,0
wavlm_large_perm_s2,0.1373697917,0.1375,0.1360002134,0.03714139184,0.123046875,0.1516927083,loso,group,0
wavlm_large_perm_s1,0.125,0.1194444444,0.1188825075,0.03827327723,0.1100260417,0.1399739583,loso,group,0
