a,b,uar_a,uar_b,mean_diff,median_diff,wins,losses,ties,p,p_holm
wavlm_large_nested,compare_lr,0.8131510417,0.6360677083,0.1770833333,0.1796875,23,1,0,2.81077439e-05,0.0006183703657
xlsr_300m_nested,compare_lr,0.8190104167,0.6360677083,0.1829427083,0.171875,22,2,0,3.848588057e-05,0.000808203492
hubert_large_nested,compare_lr,0.7779947917,0.6360677083,0.1419270833,0.15625,22,2,0,6.613249506e-05,0.001322649901
whisper_large_v3_nested,compare_lr,0.8020833333,0.6360677083,0.166015625,0.1640625,23,1,0,2.052525422e-05,0.0004720808472
e2v_base_lr,compare_lr,0.6666666667,0.6360677083,0.03059895833,0.0234375,13,9,2,0.1476795319,1
wavlm_large_nested,wavlm_large_last,0.8131510417,0.7604166667,0.052734375,0.046875,18,4,2,0.0008516807763,0.0144785732
xlsr_300m_nested,xlsr_300m_last,0.8190104167,0.759765625,0.05924479167,0.0625,22,2,0,0.0009512719571,0.01522035131
hubert_large_nested,hubert_large_last,0.7779947917,0.7376302083,0.04036458333,0.046875,18,5,1,0.007231184951,0.08677421942
whisper_large_v3_nested,whisper_large_v3_last,0.8020833333,0.7838541667,0.01822916667,0.015625,13,8,3,0.1244330642,1
wavlm_large_nested,xlsr_300m_nested,0.8131510417,0.8190104167,-0.005859375,0,10,11,3,0.6242503265,1
wavlm_large_nested,hubert_large_nested,0.8131510417,0.7779947917,0.03515625,0.03125,18,6,0,0.00534869653,0.07488175142
wavlm_large_nested,whisper_large_v3_nested,0.8131510417,0.8020833333,0.01106770833,0.0078125,12,9,3,0.3549307098,1
xlsr_300m_nested,hubert_large_nested,0.8190104167,0.7779947917,0.041015625,0.046875,19,3,2,0.005653185234,0.07488175142
xlsr_300m_nested,whisper_large_v3_nested,0.8190104167,0.8020833333,0.01692708333,0.015625,12,11,1,0.2640727894,1
hubert_large_nested,whisper_large_v3_nested,0.7779947917,0.8020833333,-0.02408854167,-0.0078125,10,12,2,0.2820943841,1
wavlm_large_nested_egemaps_fusion,wavlm_large_nested,0.81640625,0.8131510417,0.003255208333,0,10,6,8,0.3796629275,1
compare_lr,egemaps_lr,0.6360677083,0.5305989583,0.10546875,0.109375,19,2,3,0.0001571499414,0.002985848887
compare_lr,handcrafted_lr,0.6360677083,0.5052083333,0.130859375,0.140625,21,2,1,0.0002750375294,0.004950675529
egemaps_lr,handcrafted_lr,0.5305989583,0.5052083333,0.025390625,0.03125,15,7,2,0.1722257325,1
wavlm_large_nested,wavlm_large_nested_svm,0.8131510417,0.8098958333,0.003255208333,0,9,11,4,0.9398821223,1
wavlm_large_nested,wavlm_large_nested_rf,0.8131510417,0.7552083333,0.05794270833,0.046875,20,3,1,0.001231565298,0.01847347948
handcrafted_lr,handcrafted_svm,0.5052083333,0.5045572917,0.0006510416667,0,9,10,5,0.9356763882,1
handcrafted_lr,handcrafted_rf,0.5052083333,0.4811197917,0.02408854167,0.0234375,13,9,2,0.2686861646,1
